Pre-assign Room Name,Email Address
38,ElaBorkowska@gustr.com,AlhasanAfifAtiyeh@superrito.com,EllaChinKaw@dayrep.com,LokmanBolka@rhyta.com,FahdahBarirahDeeb@fleckens.hu,EnwelumokwuNnonso@armyspy.com,IvanaHanackova@gustr.com,OksanaKubikova@einrot.com,RuairidhKennedy@teleworm.us,AbrahamWelde@dayrep.com,ThindraJonasson@rhyta.com,TimButton@einrot.com,MeganPearson@teleworm.us
40,MarkhaKadiev@dayrep.com,LeaBeich@gustr.com,DeodatoIadanza@superrito.com,ChisomIheatu@dayrep.com,JurekDabrowski@cuvox.de,LechoslawaDabrowski@fleckens.hu,MarjaHuovinen@gustr.com,ChimaijemObielumani@teleworm.us,RashidahTasnimBazzi@teleworm.us,BoubkerEdelenbos@cuvox.de,angVinhHoan@superrito.com
41,RubyTook-Brandybuck@rhyta.com,SergiuszGrabowski@jourrapide.com,DariaBrionesPerales@rhyta.com,SebastianVolodin@einrot.com,DositeoSaucedaRuvalcaba@jourrapide.com,VoThiGamChan@fleckens.hu,RasmusJPedersen@dayrep.com,MebrahtuNasih@gustr.com,CzeslawaKucharska@einrot.com,IsakJensen@armyspy.com,ParkPeng@cuvox.de
42,BeataTrentini@teleworm.us,BrigitteMetzger@einrot.com,ElvarHallbjornsson@jourrapide.com,FlorusCouet@teleworm.us,AdamStanley@gustr.com,DesimirBarisic@superrito.com,ThomasGjedrem@jourrapide.com,ErlendSandbakken@fleckens.hu,KosisochukwuChidimma@fleckens.hu,JiriMakovicka@einrot.com,UchechukwuUgorji@gustr.com
43,MarmaducSandheaver@teleworm.us,DaniDelijaj@gustr.com,NuraRushisvili@dayrep.com,CaioMarino@fleckens.hu,FemmeOehlers@armyspy.com,JanRogstad@jourrapide.com,CirceRodarteGaytan@einrot.com,ChikwadoMadueke@superrito.com,TeavanderPoel@teleworm.us,CaitlinIngram@fleckens.hu,TheodorMascarenasBarragan@armyspy.com
44,RafahFalakNaifeh@einrot.com,FalerinaHebert@cuvox.de,SanchoGamgee@cuvox.de,AmauryBousquet@dayrep.com,MarieEbersbach@fleckens.hu,BecirKontestabile@teleworm.us,NikeTozbar@teleworm.us,ThamerAdnanNassar@jourrapide.com,SofiaRicketson@jourrapide.com,LianTsai@gustr.com,MasaFujimura@rhyta.com
45,GyenisFranciska@gustr.com,OsmanNasih@einrot.com,NaotatsuYokoyama@armyspy.com,TaThanhHuan@fleckens.hu,MayBoffin@cuvox.de,CourtneyLeach@jourrapide.com,MichaelPonomarev@rhyta.com,DomotorVitez@jourrapide.com,EllenKarlsdottir@gustr.com,HanaSimahHaik@rhyta.com,ZacGrainger@teleworm.us
46,LindsayJJones@rhyta.com,JanLaine@cuvox.de,VeressRez@teleworm.us,UtkaSegoviaBaca@fleckens.hu,JesperBoncoeur@gustr.com,KatarzynaDudek@gustr.com,EligiuszSzczepanski@fleckens.hu,BodoPeterke@cuvox.de,NghiemNguyenRo@cuvox.de,ArtinMartensson@superrito.com,CamilleLajoie@jourrapide.com
47,LeonorCostaCarvalho@jourrapide.com,HansSandstrom@fleckens.hu,SomadinaNwokike@einrot.com,MichelleSEriksen@gustr.com,KosaRosic@gustr.com,DurarSaihahAlmasi@dayrep.com,AngelinaBelyakova@armyspy.com,OlgaVaatainen@armyspy.com,MarinaBjorgolfsson@rhyta.com,CrispusUnderhill@rhyta.com,EleanorWeston@armyspy.com
48,KaceyThompson@cuvox.de,PernilleDHermansen@fleckens.hu,RyanWatt@fleckens.hu,RodrigoCastroAraujo@einrot.com,SantiagoSHoward@cuvox.de,KarlGararsson@gustr.com,PetrPetru@gustr.com,JamesJWright@fleckens.hu,SemereAwate@rhyta.com,EvelynPereiraPinto@teleworm.us,KlaraSandberg@jourrapide.com
